{
  "model": "unimoe",
  "experiment_name": "frames_32",
  "tasks": {
    "t1": {
      "task_name": "task1_summarization",
      "topics": {
        "01_Patient-Doctor_Consultations": {
          "detailed": {
            "rouge_l_mean": 0.22246320021033558,
            "rouge_l_std": 0.05790161963688155,
            "text_similarity_mean": 0.7616975232958794,
            "text_similarity_std": 0.07501752290175931,
            "llm_judge_score_mean": 6.4375,
            "llm_judge_score_std": 1.7666617531378213
          },
          "short": {
            "rouge_l_mean": 0.1835827342938075,
            "rouge_l_std": 0.07071838428344467,
            "text_similarity_mean": 0.6535652726888657,
            "text_similarity_std": 0.11113659785938347,
            "llm_judge_score_mean": 5.1875,
            "llm_judge_score_std": 1.8103435447450298
          },
          "cider": {
            "cider_detailed": 0.10787743078998918,
            "cider_short": 0.04739086164659821
          }
        },
        "02_Job_Interviews": {
          "detailed": {
            "rouge_l_mean": 0.23665619480297187,
            "rouge_l_std": 0.03161372785794008,
            "text_similarity_mean": 0.7604013425963265,
            "text_similarity_std": 0.08244359423050199,
            "llm_judge_score_mean": 6.857142857142857,
            "llm_judge_score_std": 1.4891900734392276
          },
          "short": {
            "rouge_l_mean": 0.18045422791655436,
            "rouge_l_std": 0.07332648552873239,
            "text_similarity_mean": 0.6540863144965399,
            "text_similarity_std": 0.11589622787882436,
            "llm_judge_score_mean": 5.571428571428571,
            "llm_judge_score_std": 1.4333254231707058
          },
          "cider": {
            "cider_detailed": 0.0925274003518793,
            "cider_short": 0.004559187720847324
          }
        },
        "05_Courtroom_Proceedings": {
          "detailed": {
            "rouge_l_mean": 0.20090983321977726,
            "rouge_l_std": 0.0547522936858549,
            "text_similarity_mean": 0.6687841965601995,
            "text_similarity_std": 0.131550807854303,
            "llm_judge_score_mean": 4.769230769230769,
            "llm_judge_score_std": 1.6245163139956058
          },
          "short": {
            "rouge_l_mean": 0.16464033954010615,
            "rouge_l_std": 0.06751556312924933,
            "text_similarity_mean": 0.6543180025540866,
            "text_similarity_std": 0.12969350598562557,
            "llm_judge_score_mean": 5.0,
            "llm_judge_score_std": 1.9215378456610457
          },
          "cider": {
            "cider_detailed": 0.06900745920938368,
            "cider_short": 0.010640848988250294
          }
        }
      },
      "aggregated_across_topics": {
        "detailed": {
          "rouge_l_mean": 0.22000974274436158,
          "text_similarity_mean": 0.7302943541508018,
          "llm_judge_score_mean": 6.021291208791209
        },
        "short": {
          "rouge_l_mean": 0.176225767250156,
          "text_similarity_mean": 0.6539898632464974,
          "llm_judge_score_mean": 5.252976190476191
        },
        "cider": {
          "cider_detailed_mean": 0.08980409678375072,
          "cider_short_mean": 0.020863632785231942
        }
      }
    },
    "t2": {
      "task_name": "task2_mcq",
      "topics": {
        "01_Patient-Doctor_Consultations": {
          "accuracy": 0.9411764705882353,
          "correct": 96,
          "total": 102,
          "rationale": {
            "rouge_l_mean": 0.3043321267214751,
            "rouge_l_std": 0.09993534835214431,
            "text_similarity_mean": 0.7628878226467207,
            "text_similarity_std": 0.10661390328779077,
            "llm_judge_score_mean": 8.862745098039216,
            "llm_judge_score_std": 2.266720943783282
          },
          "rationale_cider": 0.24657135403073252
        },
        "02_Job_Interviews": {
          "accuracy": 0.95,
          "correct": 95,
          "total": 100,
          "rationale": {
            "rouge_l_mean": 0.28118920972313505,
            "rouge_l_std": 0.08941638138146678,
            "text_similarity_mean": 0.7349498727917672,
            "text_similarity_std": 0.1089540608269079,
            "llm_judge_score_mean": 9.18,
            "llm_judge_score_std": 1.8781906186540276
          },
          "rationale_cider": 0.20402578187957324
        },
        "05_Courtroom_Proceedings": {
          "accuracy": 0.9217391304347826,
          "correct": 106,
          "total": 115,
          "rationale": {
            "rouge_l_mean": 0.2870141885499734,
            "rouge_l_std": 0.08147130247305684,
            "text_similarity_mean": 0.753300664347151,
            "text_similarity_std": 0.114182144284882,
            "llm_judge_score_mean": 8.652173913043478,
            "llm_judge_score_std": 2.257522606216899
          },
          "rationale_cider": 0.17199376344621803
        }
      },
      "aggregated_across_topics": {
        "accuracy_mean": 0.9376385336743392,
        "rationale": {
          "rouge_l_mean": 0.2908451749981945,
          "text_similarity_mean": 0.7503794532618796,
          "llm_judge_score_mean": 8.898306337027565
        }
      }
    },
    "t3": {
      "task_name": "task3_temporal_localization",
      "topics": {
        "01_Patient-Doctor_Consultations": {
          "mean_iou": 0.019331010378734144,
          "std_iou": 0.08930659656479578,
          "median_iou": 0.0,
          "R@0.3": {
            "recall": 0.019011406844106463,
            "count": 5,
            "total": 263
          },
          "R@0.5": {
            "recall": 0.0076045627376425855,
            "count": 2,
            "total": 263
          },
          "R@0.7": {
            "recall": 0.0038022813688212928,
            "count": 1,
            "total": 263
          },
          "mae": {
            "start_mean": 1087.9707350547683,
            "end_mean": 4635.908460941365,
            "average_mean": 2861.939597998067
          },
          "rationale": {
            "rouge_l_mean": 0.24151477059404713,
            "rouge_l_std": 0.09440969752602163,
            "text_similarity_mean": 0.533508783496718,
            "text_similarity_std": 0.17990984769399496,
            "llm_judge_score_mean": 2.334600760456274,
            "llm_judge_score_std": 2.0861257531841844
          },
          "rationale_cider": 0.2780128192042542
        },
        "02_Job_Interviews": {
          "mean_iou": 0.01691673911673996,
          "std_iou": 0.07695459949010747,
          "median_iou": 0.0,
          "R@0.3": {
            "recall": 0.028455284552845527,
            "count": 7,
            "total": 246
          },
          "R@0.5": {
            "recall": 0.0040650406504065045,
            "count": 1,
            "total": 246
          },
          "R@0.7": {
            "recall": 0.0,
            "count": 0,
            "total": 246
          },
          "mae": {
            "start_mean": 633.5389774637239,
            "end_mean": 634.0107711888838,
            "average_mean": 633.7748743263038
          },
          "rationale": {
            "rouge_l_mean": 0.23088324619614967,
            "rouge_l_std": 0.09550099728426818,
            "text_similarity_mean": 0.5110746684779481,
            "text_similarity_std": 0.19380308435645358,
            "llm_judge_score_mean": 2.154471544715447,
            "llm_judge_score_std": 1.977649587633441
          },
          "rationale_cider": 0.24932533815024838
        },
        "05_Courtroom_Proceedings": {
          "mean_iou": 0.010579428878636126,
          "std_iou": 0.06339727648290204,
          "median_iou": 0.0,
          "R@0.3": {
            "recall": 0.008797653958944282,
            "count": 3,
            "total": 341
          },
          "R@0.5": {
            "recall": 0.002932551319648094,
            "count": 1,
            "total": 341
          },